-- security
INSERT INTO role (id, role_name, description) VALUES (1, 'STANDARD_USER', 'Standard User - Has no admin rights');
INSERT INTO role (id, role_name, description) VALUES (2, 'ADMIN_USER', 'Admin User - Has permission to perform admin tasks');
INSERT INTO role (id,role_name,description) VALUES(3,'STANDARD_USER' ,'Jefe de Operaciones');
INSERT INTO role (id,role_name,description) VALUES(4,'STANDARD_USER' ,'Jefe de Operciones electricista');
INSERT INTO role (id,role_name,description) VALUES(5,'STANDARD_USER','Jefe de Operciones Plomero')

insert into person (id, first_name, last_name, birth_date, gender, ci) values (1, 'admin', 'admin', '2000-05-26', 'MALE','1111111');
insert into person (id, first_name, last_name, birth_date, gender, ci) values (2, 'john', 'doe', '2000-05-26', 'MALE', '2222222');
insert into person (id, first_name, last_name, birth_date, gender, ci) values (3, 'nicol', 'admin', '2015-05-26', 'MALE', '333333');


-- USER
-- non-encrypted password: jwtpass
INSERT INTO user (id, password, username, person_id) VALUES (1, '821f498d827d4edad2ed0960408a98edceb661d9f34287ceda2962417881231a', 'john.doe', 2);
INSERT INTO user (id, password, username, person_id) VALUES (2, '821f498d827d4edad2ed0960408a98edceb661d9f34287ceda2962417881231a', 'admin.admin', 1);


INSERT INTO user_role(user_id, role_id) VALUES(1,1);
INSERT INTO user_role(user_id, role_id) VALUES(2,1);
INSERT INTO user_role(user_id, role_id) VALUES(2,2);


--- AREA
-- insert values Area

INSERT INTO area(id,name,description,codigo,is_deleted) VALUES(1,'Area A','Planta Baja' ,'001',0);
INSERT INTO area(id,name,description,codigo,is_deleted) VALUES(2,'Area B','Planta Baja' ,'002',0);
INSERT INTO area(id,name,description,codigo,is_deleted) VALUES(3,'Area C','Planta Alta' ,'003',0);

-- Type Employee
insert into employee_type (id, name, description) values (1, 'Obrero', 'pesronal de man de obra');
insert into employee_type (id, name, description) values (2, 'Maestro Constructor', 'pesronal de man de obra');
insert into employee_type (id, name, description) values (3, 'Contratista', 'pesronal de man de obra');
insert into employee_type (id, name, description) values (4, 'Administrativo', 'pesronal de man de obra');
insert into employee_type (id, name, description) values (5, 'Ejecutivo', 'pesronal de man de obra');
insert into employee_type (id, name, description) values (6, 'Capataz', 'Encargado del Area A')
insert into employee_type (id, name, description) values (7, 'Obrero', 'Trabajador del Area B')
insert into employee_type (id, name, description) values (8, 'Electricista', 'Consultor del Area S')

-- Employee
insert into employee (id, ci, first_name, last_name, birth_date, gender, email, phone, address, salary, is_deleted, employee_type) values (1, '7676764', 'carmen', 'guzman', '1990-05-26', 'FEMALE', 'carmen@guzman.com', 70304856, 'sacaba', 4000.00, 0, 1);
insert into employee (id, ci, first_name, last_name, birth_date, gender, email, phone, address, salary, is_deleted, employee_type) values (2, '5454345', 'Carlos', 'Cori', '1980-05-26', 'MALE', 'carlos@cori.com', 70304800, 'tiquepaya', 4000.00, 0, 1);
insert into employee (id, ci, first_name, last_name, birth_date, gender, email, phone, address, salary, is_deleted, employee_type) values (3, '1234567', 'Maximilian', 'Toro', '1985-05-26', 'MALE', 'maxi@toro.com', 60574635, 'quillacollo', 5000.00, 0, 2);
insert into employee (id, ci, first_name, last_name, birth_date, gender, email, phone, address, salary, is_deleted, employee_type) values (4, '1234567', 'Marco', 'Herrera', '1986-05-26', 'MALE', 'marco@herrera.com', 67453634, 'sebastian pagador', 5000.00, 0, 3);
insert into employee (id, ci, first_name, last_name, birth_date, gender, email, phone, address, salary, is_deleted, employee_type) values (5, '5666778', 'Guido', 'Llanos', '1986-05-26', 'MALE', 'guido@llanos.com', 60584736, 'zona norte', 4000.00, 0, 6);
insert into employee (id, ci, first_name, last_name, birth_date, gender, email, phone, address, salary, is_deleted, employee_type) values (6, '7876534', 'Lidia', 'Cussi', '1986-05-26', 'FEMALE', 'lidia@cussi.com', 77234567, 'quillacollo', 5000.00, 0, 5);

--MaterialType
insert into material_type (id, name) values (1, 'proteccion personal')
insert into material_type (id, name) values (2, 'seguridad')
insert into material_type (id, name) values (3, 'Adicional')

--Material
insert into material (id, name, material_description, material_type_id) values (1, 'casco', 'description01', 1)
insert into material (id, name, material_description, material_type_id) values (2, 'arnez', 'description02', 2)

-- capacity
insert into capacity(id,name,description,is_deleted) values (1, 'descripcion Capacidad A', 'Capataz',0)
insert into capacity(id,name,description,is_deleted) values (2, 'descripcion Capacidad B', 'Capataz',0)
insert into capacity(id,name,description,is_deleted) values (3, 'descripcion Capacidad C', 'Capataz',0)

-- Personal Information
-- insert PersonalInformation
INSERT INTO personal_information(id,legal_name,area_id,capacity_id,registration_date,is_deleted) VALUES(1,'legalName',1,1,'1990-05-26',0);
INSERT INTO personal_information(id,legal_name,area_id,capacity_id,registration_date,is_deleted) VALUES(2,'legalName',1,1,'1990-05-26',0);
INSERT INTO personal_information(id,legal_name,area_id,capacity_id,registration_date,is_deleted) VALUES(3,'legalName',1,1,'1990-05-26',0);

--Incident Type
insert into incident_type (id, name, description, is_deleted) values (1, 'Critica', 'el trabajador se encuentra en peligro de muerte', 0)
insert into incident_type (id, name, description, is_deleted) values (2, 'Alta', 'el trabajdor tendra baja medica por un largo tiempo', 0)
insert into incident_type (id, name, description, is_deleted) values (3, 'Media', 'el trabajador faltara unos dias al trabajo', 0)
insert into incident_type (id, name, description, is_deleted) values (4, 'Baja', 'el trabajador sufrio contuciones y no puede trabajar el resto de dia', 0)
insert into incident_type (id, name, description, is_deleted) values (5, 'General', 'golpes y lesiones leves', 0)

--Insert lesion type
insert into lesion_type (id, type, description, is_deleted) values (1, 'Quemadura','desc', 0)
insert into lesion_type (id, type, description, is_deleted) values (2, 'Fractura','desc', 0)
insert into lesion_type (id, type, description, is_deleted) values (3, 'Luxacion','desc', 0)
insert into lesion_type (id, type, description, is_deleted) values (4, 'Torcedura,esguince,desgarre muscular','desc', 0)
insert into lesion_type (id, type, description, is_deleted) values (5, 'Conmocion,Trauma interno',' desc', 0)
insert into lesion_type (id, type, description, is_deleted) values (6, 'Amputacion,enucleacion(expulsion o perdida del ojo)','desc', 0)
insert into lesion_type (id, type, description, is_deleted) values (7, 'Golpe contucion o aplastamiento',' desc', 0)
insert into lesion_type (id, type, description, is_deleted) values (8, 'Envenenamiento,intoxicacion,alergia','desc', 0)
insert into lesion_type (id, type, description, is_deleted) values (9, 'Efecto de la electricidad','desc', 0)

--Insert Accident Agent
insert into accident_agent (id, agent_name, is_deleted) values (1, 'Maquinaria y,o equipos', 0)
insert into accident_agent (id, agent_name, is_deleted) values (2, 'Medios de transporte', 0)
insert into accident_agent (id, agent_name, is_deleted) values (3, 'Aparatos (otros)', 0)
insert into accident_agent (id, agent_name, is_deleted) values (4, 'Herramientas, implementos o utencilios', 0)
insert into accident_agent (id, agent_name, is_deleted) values (5, 'Conmocion,Trauma interno', 0)
insert into accident_agent (id, agent_name, is_deleted) values (6, 'Amputacion,enucleacion(expulsion o perdida del ojo)', 0)
insert into accident_agent (id, agent_name, is_deleted) values (7, 'Golpe contucion o aplastamiento', 0)
insert into accident_agent (id, agent_name, is_deleted) values (8, 'Envenenamiento,intoxicacion,alergia', 0)
insert into accident_agent (id, agent_name, is_deleted) values (9, 'Efecto de la electricidad', 0)



--Responsability
insert into responsibility (id, name,description,is_deleted, employee_type_id) values (1, 'name1','Description1',0, 4)
insert into responsibility (id, name,description,is_deleted, employee_type_id) values (2, 'name2','Description2',0, 5)
insert into responsibility (id, name,description,is_deleted, employee_type_id) values (3, 'name3','Description3',0, 3)

--insert incident

insert into incident (id, accident_date, accident_day, accident_site, accident_time, affected_part, is_deleted, working_turn, accident_agent_id, employee_id, incident_type_id, lesion_type_id) VALUES (1,	'2017-06-01 21:36:54.567',	'Martes',	'parqueo',	'12:50',	'piernas',	0,	'EXTRA_HOURS',	1,	1,	1,	1)
insert into incident (id, accident_date, accident_day, accident_site, accident_time, affected_part, is_deleted, working_turn, accident_agent_id, employee_id, incident_type_id, lesion_type_id) VALUES (2,	'2017-06-01 21:36:54.567',	'Martes',	'parqueo',	'12:50',	'piernas',	0,	'EXTRA_HOURS',	1,	1,	1,	1)
insert into incident (id, accident_date, accident_day, accident_site, accident_time, affected_part, is_deleted, working_turn, accident_agent_id, employee_id, incident_type_id, lesion_type_id) VALUES (3,	'2015-06-02 23:36:54.567',	'Jueves',	'almacén',	'08:50',	'cabeza, manos',	0,	'EXTRA_HOURS',	1,	2,	2,	2)
insert into incident (id, accident_date, accident_day, accident_site, accident_time, affected_part, is_deleted, working_turn, accident_agent_id, employee_id, incident_type_id, lesion_type_id) VALUES (4,	'2010-06-01 23:36:54.567',	'Viernes',	'trabajo con grua',	'12:50',	'espalda',	0,	'EXTRA_HOURS',	3,	3,	3,	3)
insert into incident (id, accident_date, accident_day, accident_site, accident_time, affected_part, is_deleted, working_turn, accident_agent_id, employee_id, incident_type_id, lesion_type_id) VALUES (5,	'2014-06-02 23:12:54.567',	'Miercoles', 'almacén',	'10:50',	'cabeza, manos',	0,	'EXTRA_HOURS',	1,	3,	3,	2)
insert into incident (id, accident_date, accident_day, accident_site, accident_time, affected_part, is_deleted, working_turn, accident_agent_id, employee_id, incident_type_id, lesion_type_id) VALUES (6,	'2014-06-01 23:23:54.567',	'Martes',	'oficina',	'12:43',	'dedos',	0,	'EXTRA_HOURS',	2,	2,	2,	1)
insert into incident (id, accident_date, accident_day, accident_site, accident_time, affected_part, is_deleted, working_turn, accident_agent_id, employee_id, incident_type_id, lesion_type_id) VALUES (7,	'2012-06-02 23:36:54.567',	'Lunes',	'almacén',	'12:02',	'cabeza, manos',	0,	'EXTRA_HOURS',	1,	1,	1,	2)
insert into incident (id, accident_date, accident_day, accident_site, accident_time, affected_part, is_deleted, working_turn, accident_agent_id, employee_id, incident_type_id, lesion_type_id) VALUES (8,	'2017-06-01 23:36:54.567',	'Martes',	'gradas',	'12:23',	'manos',	0,	'EXTRA_HOURS',	2,	2,	2,	1)
insert into incident (id, accident_date, accident_day, accident_site, accident_time, affected_part, is_deleted, working_turn, accident_agent_id, employee_id, incident_type_id, lesion_type_id) VALUES (9,	'2018-06-02 23:45:54.567',	'Martes',	'almacén',	'12:12',	'estomago, manos',	0,	'EXTRA_HOURS',	3,	3,	3,	3)
insert into incident (id, accident_date, accident_day, accident_site, accident_time, affected_part, is_deleted, working_turn, accident_agent_id, employee_id, incident_type_id, lesion_type_id) VALUES (10,	'2014-06-01 23:55:54.567',	'Martes',	'subiendo al 2do piso',	'12:21',	'manos',	0,	'EXTRA_HOURS',	2,	2,	2,	2)
